<!--
 ! Excerpted from "Programming Ruby 1.9",
 ! published by The Pragmatic Bookshelf.
 ! Copyrights apply to this code. It may not be used to create training material, 
 ! courses, books, articles, and the like. Contact us if you are in doubt.
 ! We make no guarantees that this code is fit for any purpose. 
 ! Visit http://www.pragmaticprogrammer.com/titles/ruby3 for more book information.
-->
<classes language="ruby">
  <class name="Numeric">
    Numeric represents all numbers.
    <class name="Float">
      Floating point numbers have a fraction and a mantissa.
    </class>
    <class name="Integer">
      Integers contain exact integral values.
      <class name="Fixnum">
        Fixnums are stored as machine ints.
      </class>
      <class name="Bignum">
        Bignums store arbitraty-sized integers.
      </class>
    </class>
  </class>
</classes>
